{"file_hashes":[{"block_hashes":["qhkd3nH6uaM1OBwiUVsAz5j266dV0ehCyvbPqjfiZrY=","YfPDud4+0rtk6d7rrHcrqXbkn6o/QUa8SarEdHdi8Ao=","Ly3o8Hu4v0gx0pfLawbLqpvW+yG9NoG13wrmB37lqIs="],"block_size":4096,"path":"background.js"},{"block_hashes":["uoOqUxu816m4zbeuxEPPRa/nIWInSwE4Ln3+WLf9+LY="],"block_size":4096,"path":"content_scripts/checkout.js"},{"block_hashes":["siReFgWmt1QYNKLcUFba98AwDW1f7trmOHBVsLVED/k=","hbBPEaOkGVUJj35RpRLbEQ3JMNIpJUnmaNmEKv7d3Xg="],"block_size":4096,"path":"content_scripts/checkoutEnd.js"},{"block_hashes":["MsjfQWxV+o0IK8n3qg4S2jbAUySYQ5zZsvMYN+XuVjM=","kPiZzkVs7oQHFLfd44iSoNBMDORkVqer1eaNMva8Z3Q=","U5+v6zMQvDxItd9E3xGFi3PZaFTl2P6nNYWnMgP7X7k=","SPQHJC/iMwYWXU5J1mbYi1GrbgGvKDI0fhy9c2Alq8s=","P6CzzAQc5qyqWUDWCV1ACOs5fiYb3OtX/M7lD04F7Dg="],"block_size":4096,"path":"options/noty.css"},{"block_hashes":["4Wa/5Qz5JwXLgjOiSX01LHLIekS05qQ+V6f540mgOGg=","WM5m7MLnnVY0Y6tNsAsl52MqXQs7/4uEqn2hJkwag9U=","IwXGCrB7TL533JhNi0AUOWLUJp97y6TNKTMrpiQuOcc=","oTzK52+OxGGO5F3u2VVUbKN3klrX4rpaZmHMzsdO6W8=","5IPM6pOmsz+tgiJNqNWOUu4drrPgqa3PJZV0fL+vo8w=","3x2b0Fz/VsORLrpJl4tDazX2nkPKt2CSqXepxl16kfw=","HBR9mTtYcUDMmkBfO/Wknwx5Ic67WkE8Sxn2bMV1Xfo=","Weqc/Y0tj+WRxTFPo9QzGWgkf2tVAEkHkvF6ySNSCsI=","CvHoJlkUfh4pQDmgeZXBzhJVurjbALlImQpZal5wwYw=","BYMnAxTuuOXNONqlTWqtrcMNZb14KrK1QC2cH4kYxEA=","wHeEb7Lfg0yGoMmscCoFoCFwhKVYoIUlNWQ2kpJfLao=","hp/oDz0mTwiRa+5AQIW2uO2ML5aLKKW9c6eC4jpdu5Q=","OVcIyahXr2+nAj33d60AyAUuwebRfAdVth/E9oTNXdk=","+4vf95znqwFDrrNqwzWdYByLlhPStcpRLcLwpJJTTK4=","Z2yO0bJahhA9G12WHTL50xcXZJsY3MEezdQgxvqD4vs=","uMP/6I5Fghm02znu1OQ7PPpVaFblK3lw6Yh1Ap/kJRg=","uGmN0zI/zA+pYLtW37x0KqWcYT92BxBPsB+3UJI4YoM=","OxcbCPFbay50Qd57I2MOmfNstem4aZFrFOs3y6cdD8o=","gY1FMqHJ6xiGt2ALjv1+jP8d5ts5edxAarw5eZM9eC4=","jHrH7Fss0Re1KRxs3zuvvhpS4EqKoSiOchWp7lPjX48="],"block_size":4096,"path":"options/noty.js"},{"block_hashes":["Xip9erUbGsKIp51nHPOiFEni+HUjnmPG0CtQB8L4zUQ=","UUMoVS4xjLDFKx7/irKLQvoxGoN5RU9qA5Gy3d7ZfjQ=","juwdqp/BTlj6J4a+RUhv89kBkWHUX43midDKoYSG+io=","QhLng46jZsrsz1w0sJDOWqjb4ZzMlFKlEKzIquQsEW8="],"block_size":4096,"path":"options/options.html"},{"block_hashes":["OZ392aUY1acDRJtb3E/y5pu/3Wyv1LxDhCn/kQC1I/4=","VxWP4MTJMgTHdXbyTPzYCWz+ul6Yquqrf/5hKdgjVv8=","oMNEWWbgjaM3eoDnwLjBqZX6gwVmzno21WU5wyfBUwE="],"block_size":4096,"path":"options/options.js"},{"block_hashes":["AM68hxY+Djdp+gbETR52SVDhwyeC4Qu7j4bLr2RXkmQ="],"block_size":4096,"path":"popup/popup.html"},{"block_hashes":["gFF53+opg0rJU9o9qJIIU6eThvWLnqcOhpXP39f3KSM=","Df/QN99GYZXgt+UMeO0OCeoeiV903zcY80tRI2W2kPA="],"block_size":4096,"path":"popup/popup.js"},{"block_hashes":["pwTq8kRbaCTBiD8uzsnN0sDOy9EszovS2aQYNqbbv7E=","IdjJnOWa46miLBz6ICj9YdpU+Wi48CYEnKStyTLH+So=","DPNHlBSZzg2McY5zxG3QlVCvVferlbMsO2j9ZtrHClM=","Dx8/ZGacJA8BUodBYwtUH7BWIcmp+WXykrq0R4MynJ4=","3vEaJodj8O4R+ARGEk9k9oSt9huNtDO9ZNb5jPNoWZc=","wLt4eHIENTgdvnzlxgce3oIwFOBWqogS68tKkrSMhts=","I7PQqaHCn2ARRwEtX7cwVDxDrB3CRvDXI6D29wWivD8=","jKANgtZH7/tkuwj3GMk/yDVB3didDJUHslZnK367ZOk=","pox98LbK4vzY3XlnDfki4Q+U/tcvAVNeWdizJ0v/uYM=","Cb/FhxMco39G34eTvlLMW8/xT+ejwYiAkicErkiQWQo=","qXVfIaiSTuFBEmcKuN7wE07GnAQiSCbjQEF/XmyoVUQ=","wBJpO7hbjRw/SaOi44RoeaPAWIO3CMcpM49nyCjh1oE=","F5STOxEQ1w8zDglcsYL91gBDLWiFhsoIxj8c6UTf4sA=","iGRjg3YJGCZKm/h9fK0m10v2YsbV3AkBu7W7xH1qy/A=","yAuZWJcEP36dmUgGJo2e68i7LjJaOjR+kUvK3MUgF+w=","yLdXlAbmR1dH2rzQLnwOSAMDvEC4Eh4uiLTuAfgu/LY="],"block_size":4096,"path":"static/Thumbs.db"},{"block_hashes":["ipz60afH6l+yRY3CRBXz5lTJX8AP8cCJH+gSOXgOKKs=","Dm3cJGBCR2u7ZyMgjV/eZCxNxZ2xpT5GxtZOVUNsb+I=","yToI3g4DHovmhUsUiOIv0Kl1Y1mi2xs5rIA9La1++Dk=","LOmvQe3khjS7uUnLbCgYYAAYJik/lW1ijsJ9N7ew9xI=","pMT4LXHX6CJI+8k3tufbCl+e0eLYyy5QwK5StL5aYn8=","Z9oUevjJKNhnmpkCCQr9TZ4jGyxyNmZwCE+431x2uBo=","XUtj65EguHRvzN0upoPvxy9/PMTcW20x3s4RX5gMEyc=","PoUxu1eKBL7N4wxQSHt+Dv8OJMJCjFAN+G1wWngr0a4=","faYEPUMB8cA8Ff/2uNhT7FV3ohELajyCjHwuNt9QPaw=","eci+CgYk82bqxi0xpuEaOxdB+G24jp/p7OvPDcCITYg=","TI8iiNwBxUHuyTYZ6jCXCCPpF/jgwwpE5n8g5NCjUxg=","X/fLKkhAAOnSqnoua9NABp5KD7kE/OFdOn3jS6/gc18=","9JTI/A4xPHiBxeXKS6YXZItZcsrDrBBApwTdA5Mp0EA=","z75CAr54Kw44v1wo8wZfLwtKz+fAsR+vH2fm3CLdkvU=","zZ48Sjl7/hQpdl9da1kUuWx1iSCnUg3Yh9/MinzEr+c=","2VSciO0bPojFMwZJxbOO0RvTByOZDdoQSCW8MaJ+xZc=","kDLw5mcFmRHhlrcGBo9408m25dE2thbiLQbz0HEv6Ac=","a839LHE2FuYtbS+qNy5KPT1er9dkUTZ0DdG8hnyUahk=","MutRUbVGAJoe9DBsHE/hJsycuBjzMtcAs9IRpTyzbO0=","il9VUpPV0fgK0xqzeDQmDW3w3Xo59HKhQFOziyFURFE=","kNFvsgysTgV/MNqyUJc8Drlksi0dLT2dkC5IKTpG7cQ=","3UdrKuc5K23/FOtRsKYQDxgdvY+1yxhSQAzPXCXyXGU=","TbC2N6qXoW81iM5ixGO0SfP9JbMTFQLrDabqlRrMTRU=","XaGYrg0IGaL/Y0y4Ug7kH5NdUO7SQn/pTSwM4vnKcqQ=","wZ4eTf5IEQ6mWE25IZ57WusV7IVplLDyYrUBO73rsYk=","OT/ofP6XT3kcIqypsge7DFRi0+e/AyxD0o43XQ/h/Cw=","ZyiniWdPpIYLklNafqpFg1bUc+tmKZPjmBWylkKzU3Y=","+orUspcgmgpRu4uqIo47ItYueFDtFBJ1vX0gIb+BpVY=","sPsNfgNVDK21X44B7MrricEomKqaJsE+IxThR609Znk=","hrqf96cNzdetYhBwvt2qGk0EKczArgLZTvTMltp6RTA=","VKedjrqNIrXYGicbVxEpsD0+JElSHudG3Nh+k76m4lE=","n9LdL5/Ja3AvV9XdrXfbHwcDkS+QF8xf/k/kLwFLogc=","qXuvEcKZbkdCx2c2BTywt7w7PPyUJokCoanRLqBCA9E=","uHyMtKYenoIxRF6XSQMr+0OqNaJx45A851ngCmF9E+A=","DgdTZlJ/H7rSjeXFtcUs/e3IQZMOWUuiP8OijMA4FQ0=","9NkgvWzeGz5DG4eBZ0bULS5h8ktJ/92pHdfLt/+0m4E=","1Un+YFhebQRBouhRSNsSqv9TqxD65aYG9xKqyO3VXgM=","DTI2J1Sde1TCD/3BAbiqPiwDRi2U41HuJuuSEcCjp4A=","9w+Zf+aboNciEpSb6RT6eGuWHnhjrAEB5+e34/zm2iw=","AFqeIJexhrMa1t1/xEHxWMBKtf2bdbGRvI/Fo0BPRgg=","CYiGU/vAYe47BNrg11qGfTHIo+5aBR53ep+jeqDKru4=","kpgmo1bexqkW+bMdnpoGO1bbWdJZdqsDXc2rWV9qyU4=","RTUMmNOkpzB6cti48BCEs9Bcq65OIRsVtCDj8ztCxgI=","vGlTIHaDjR1Z5re4BGny449vHi9JaGReF105jQBIgcI=","JehYkLeCe0NETK/eNyt0Qw1Z6tADXm1N2dHIcOPrRcI=","FDe06tqbpYajhqYXPHIRHSIqTmhB8k2oq+50i8s2Ewg=","PlNsgM5aMrL2Wat7Jp3jrUSi+phkUumnQmCFIlzNNc8=","+7RgnwwCrD1myel01RqEnT9nHFak4lX1nedEa7p9vJs=","QtI3VNGRp0c967W3Xg8euc1FX8POW0wQyn3z9XVPsig=","mAtqM6jZ5sTlPLSBgZyv3LEnqPb99jmNb+Vej+tyi/4=","zdsT7cnTYQYcfOqVzetS3LP7XUad0zAq54j1SuT4x7M=","xsfnqlmmYKOmKHVFBfSZxXiKmoejUkipvKDnn+IrfaY=","SUduXXCJp8OrYorp7vCa/W2BCohTZLUsSC6C+WPqb2o=","+XY/6TpMxUC4ZlaCpAls/whZ7xfy2/g3Bgng/kk3mg4=","q+6Nvqn1Pw3xTL/PYzdCuZO/zYnsXCVrzOWwfsQ12+k=","K1iKjPO94sbyACXpsLAgTJroB/o9Bpl+4PcUuU+RNJM=","rtbuf5ARKZooD2oopNp2tJiB1shGRY4XcWDcR0RtFTE=","K3BkNyWs9GMXyhfJOMVDOmVTM355+OroxZ+BbEbJR04=","6Udb5CKKk63U6brwbTFF7P7YHiO5FvqcloqRavC+vJ4=","4saJm8eCz7a20XXchlYcCUksFSOYne8CAL+rwrXlMdg=","xBHkXZSOkimuAVLwq5KURjsWx2LPfbJDdQNnMtmqxxE=","3qyADUZRtmsuf0r74mFrOSdCg8YijGAr3n5gjCCq0K4=","6kNYYja5n51jWLzKqYYT5RxgAKnowBiiRzkhItSftNM=","nk2vfGzsc6LBpywL6oCdBb6RumuSx9CIArYZKSaW440=","UgM8xXGLgIoCc+1ph3BSv4a0hQvd/9JlpkKzbu5KK+c=","Gv7jz0wxlfbxbA3Ivq13aW5aKoclZbyE8UbkeZS9V40="],"block_size":4096,"path":"static/jquery.js"}],"version":2}